us-gaap:operatingleaserightofuseassetstatementoffinancialpositionextensiblelist,if3ba800b42a9406abf364f6d45d67e23_i20220924,http://fasb.org/us-gaap/2022#OtherAssetsNoncurrent
us-gaap:operatingleaserightofuseassetstatementoffinancialpositionextensiblelist,i4e82d58a300a4a309eacd18ec8c3e8c7_i20210925,http://fasb.org/us-gaap/2022#OtherAssetsNoncurrent
us-gaap:financeleaserightofuseassetstatementoffinancialpositionextensiblelist,if3ba800b42a9406abf364f6d45d67e23_i20220924,http://fasb.org/us-gaap/2022#PropertyPlantAndEquipmentNet
us-gaap:financeleaserightofuseassetstatementoffinancialpositionextensiblelist,i4e82d58a300a4a309eacd18ec8c3e8c7_i20210925,http://fasb.org/us-gaap/2022#PropertyPlantAndEquipmentNet
us-gaap:operatingleaseliabilitycurrentstatementoffinancialpositionextensiblelist,if3ba800b42a9406abf364f6d45d67e23_i20220924,http://fasb.org/us-gaap/2022#OtherLiabilitiesCurrent
us-gaap:operatingleaseliabilitycurrentstatementoffinancialpositionextensiblelist,i4e82d58a300a4a309eacd18ec8c3e8c7_i20210925,http://fasb.org/us-gaap/2022#OtherLiabilitiesCurrent
us-gaap:operatingleaseliabilitynoncurrentstatementoffinancialpositionextensiblelist,if3ba800b42a9406abf364f6d45d67e23_i20220924,http://fasb.org/us-gaap/2022#OtherLiabilitiesNoncurrent
us-gaap:operatingleaseliabilitynoncurrentstatementoffinancialpositionextensiblelist,i4e82d58a300a4a309eacd18ec8c3e8c7_i20210925,http://fasb.org/us-gaap/2022#OtherLiabilitiesNoncurrent
us-gaap:financeleaseliabilitycurrentstatementoffinancialpositionextensiblelist,if3ba800b42a9406abf364f6d45d67e23_i20220924,http://fasb.org/us-gaap/2022#OtherLiabilitiesCurrent
us-gaap:financeleaseliabilitycurrentstatementoffinancialpositionextensiblelist,i4e82d58a300a4a309eacd18ec8c3e8c7_i20210925,http://fasb.org/us-gaap/2022#OtherLiabilitiesCurrent
us-gaap:financeleaseliabilitynoncurrentstatementoffinancialpositionextensiblelist,if3ba800b42a9406abf364f6d45d67e23_i20220924,http://fasb.org/us-gaap/2022#OtherLiabilitiesNoncurrent
us-gaap:financeleaseliabilitynoncurrentstatementoffinancialpositionextensiblelist,i4e82d58a300a4a309eacd18ec8c3e8c7_i20210925,http://fasb.org/us-gaap/2022#OtherLiabilitiesNoncurrent
us-gaap:otherassetscurrent,if3ba800b42a9406abf364f6d45d67e23_i20220924,"21,223"
us-gaap:otherassetscurrent,i4e82d58a300a4a309eacd18ec8c3e8c7_i20210925,"14,111"
us-gaap:assetscurrent,if3ba800b42a9406abf364f6d45d67e23_i20220924,"135,405"
us-gaap:assetscurrent,i4e82d58a300a4a309eacd18ec8c3e8c7_i20210925,"134,836"
us-gaap:otherassetsnoncurrent,if3ba800b42a9406abf364f6d45d67e23_i20220924,"54,428"
us-gaap:otherassetsnoncurrent,i4e82d58a300a4a309eacd18ec8c3e8c7_i20210925,"48,849"
us-gaap:assetsnoncurrent,if3ba800b42a9406abf364f6d45d67e23_i20220924,"217,350"
us-gaap:assetsnoncurrent,i4e82d58a300a4a309eacd18ec8c3e8c7_i20210925,"216,166"
us-gaap:assets,if3ba800b42a9406abf364f6d45d67e23_i20220924,"352,755"
us-gaap:assets,i4e82d58a300a4a309eacd18ec8c3e8c7_i20210925,"351,002"
us-gaap:otherliabilitiescurrent,if3ba800b42a9406abf364f6d45d67e23_i20220924,"60,845"
us-gaap:otherliabilitiescurrent,i4e82d58a300a4a309eacd18ec8c3e8c7_i20210925,"47,493"
us-gaap:contractwithcustomerliabilitycurrent,if3ba800b42a9406abf364f6d45d67e23_i20220924,"7,912"
us-gaap:contractwithcustomerliabilitycurrent,i4e82d58a300a4a309eacd18ec8c3e8c7_i20210925,"7,612"
us-gaap:liabilitiescurrent,if3ba800b42a9406abf364f6d45d67e23_i20220924,"153,982"
us-gaap:liabilitiescurrent,i4e82d58a300a4a309eacd18ec8c3e8c7_i20210925,"125,481"
us-gaap:otherliabilitiesnoncurrent,if3ba800b42a9406abf364f6d45d67e23_i20220924,"49,142"
us-gaap:otherliabilitiesnoncurrent,i4e82d58a300a4a309eacd18ec8c3e8c7_i20210925,"53,325"
us-gaap:liabilitiesnoncurrent,if3ba800b42a9406abf364f6d45d67e23_i20220924,"148,101"
us-gaap:liabilitiesnoncurrent,i4e82d58a300a4a309eacd18ec8c3e8c7_i20210925,"162,431"
us-gaap:liabilities,if3ba800b42a9406abf364f6d45d67e23_i20220924,"302,083"
us-gaap:liabilities,i4e82d58a300a4a309eacd18ec8c3e8c7_i20210925,"287,912"
us-gaap:stockholdersequity,if3ba800b42a9406abf364f6d45d67e23_i20220924,"50,672"
us-gaap:stockholdersequity,i4e82d58a300a4a309eacd18ec8c3e8c7_i20210925,"63,090"
us-gaap:liabilitiesandstockholdersequity,if3ba800b42a9406abf364f6d45d67e23_i20220924,"352,755"
us-gaap:liabilitiesandstockholdersequity,i4e82d58a300a4a309eacd18ec8c3e8c7_i20210925,"351,002"
us-gaap:stockholdersequity,i4e82d58a300a4a309eacd18ec8c3e8c7_i20210925,"63,090"
us-gaap:stockholdersequity,if6a94bdcde96419d955ae2ba7b1e954a_i20200926,"65,339"
us-gaap:stockholdersequity,ie7ecd9e3779740ccb2ce950be91c4cb8_i20190928,"90,488"
us-gaap:stockholdersequity,i2876f8aad799402190335c5b5cb3b578_i20210925,"57,365"
us-gaap:stockholdersequity,i7a6b02f89369448bb12b02e62f3d3118_i20200926,"50,779"
us-gaap:stockholdersequity,i43fbf4899fa742b594d95bb3123565fd_i20190928,"45,174"
us-gaap:stockholdersequity,iafb0c16829f94d3784bd328ebbe1ab63_i20220924,"64,849"
us-gaap:stockholdersequity,i2876f8aad799402190335c5b5cb3b578_i20210925,"57,365"
us-gaap:stockholdersequity,i7a6b02f89369448bb12b02e62f3d3118_i20200926,"50,779"
us-gaap:stockholdersequity,i4bd22f2c254e4acab220d9964d816f72_i20210925,"5,562"
us-gaap:stockholdersequity,i2db8d8fbdf8e4f359bbb60c53df2613c_i20200926,"14,966"
us-gaap:stockholdersequity,idb798573696e4e8a8d9f252a12380e69_i20190928,"45,898"
us-gaap:stockholdersequity,idf11187e76ee47f5a70686115d181905_i20210925,—
us-gaap:stockholdersequity,i5ee4e6b29d6947828427b1bbb89ea820_i20200926,—
us-gaap:stockholdersequity,i40191f2f1b2f45939d9cdb55ac71dbf4_i20190928,136
us-gaap:stockholdersequity,ie7d107e1a94e43518d31717193b967d6_i20220924,"3,068"
us-gaap:stockholdersequity,i4bd22f2c254e4acab220d9964d816f72_i20210925,"5,562"
us-gaap:stockholdersequity,i2db8d8fbdf8e4f359bbb60c53df2613c_i20200926,"14,966"
us-gaap:stockholdersequity,i62938707c6004a4589a8ccbef5f73534_i20210925,163
us-gaap:stockholdersequity,ib2e348b0a0304da0b8c87b18cc901983_i20200926,406
us-gaap:stockholdersequity,i961c45843f33487eb05a1685a673c387_i20190928,584
us-gaap:stockholdersequity,ia2caea5e690145a585e00c2cfd715bf8_i20210925,—
us-gaap:stockholdersequity,ie8fb4a177b2b479b88b565a80bec89b3_i20200926,—
us-gaap:stockholdersequity,ie27c57fae21d4add9a305a0f10e63c26_i20190928,136
us-gaap:stockholdersequity,i8b4c123d1cb549aab884b419e707f0e6_i20220924,"11,109"
us-gaap:stockholdersequity,i62938707c6004a4589a8ccbef5f73534_i20210925,163
us-gaap:stockholdersequity,ib2e348b0a0304da0b8c87b18cc901983_i20200926,406
us-gaap:stockholdersequity,if3ba800b42a9406abf364f6d45d67e23_i20220924,"50,672"
us-gaap:stockholdersequity,i4e82d58a300a4a309eacd18ec8c3e8c7_i20210925,"63,090"
us-gaap:stockholdersequity,if6a94bdcde96419d955ae2ba7b1e954a_i20200926,"65,339"
us-gaap:increasedecreaseinotheroperatingassets,i4a4fb50fc2db4070adb20304175890ef_d20210926-20220924,"6,499"
us-gaap:increasedecreaseinotheroperatingassets,i31bf5094819a46b79a45ba71ba807c86_d20200927-20210925,"8,042"
us-gaap:increasedecreaseinotheroperatingassets,idaa220573a164e6f8ce0fa26f32a2bdb_d20190929-20200926,"9,588"
us-gaap:increasedecreaseincontractwithcustomerliability,i4a4fb50fc2db4070adb20304175890ef_d20210926-20220924,478
us-gaap:increasedecreaseincontractwithcustomerliability,i31bf5094819a46b79a45ba71ba807c86_d20200927-20210925,"1,676"
us-gaap:increasedecreaseincontractwithcustomerliability,idaa220573a164e6f8ce0fa26f32a2bdb_d20190929-20200926,"2,081"
us-gaap:increasedecreaseinotheroperatingliabilities,i4a4fb50fc2db4070adb20304175890ef_d20210926-20220924,"5,632"
us-gaap:increasedecreaseinotheroperatingliabilities,i31bf5094819a46b79a45ba71ba807c86_d20200927-20210925,"5,799"
us-gaap:increasedecreaseinotheroperatingliabilities,idaa220573a164e6f8ce0fa26f32a2bdb_d20190929-20200926,"8,916"
us-gaap:contractwithcustomerliabilityrevenuerecognized,i4a4fb50fc2db4070adb20304175890ef_d20210926-20220924,7.5
us-gaap:contractwithcustomerliabilityrevenuerecognized,i31bf5094819a46b79a45ba71ba807c86_d20200927-20210925,6.7
us-gaap:contractwithcustomerliabilityrevenuerecognized,idaa220573a164e6f8ce0fa26f32a2bdb_d20190929-20200926,5.0
us-gaap:contractwithcustomerliability,if3ba800b42a9406abf364f6d45d67e23_i20220924,12.4
us-gaap:contractwithcustomerliability,i4e82d58a300a4a309eacd18ec8c3e8c7_i20210925,11.9
us-gaap:equitysecuritiesfvnicost,i1572e919a88a48628b9536b89ca2cfd7_i20220924,"2,929"
aapl:equitysecuritiesfvniaccumulatedgrossunrealizedgainbeforetax,i1572e919a88a48628b9536b89ca2cfd7_i20220924,—
aapl:equitysecuritiesfvniaccumulatedgrossunrealizedlossbeforetax,i1572e919a88a48628b9536b89ca2cfd7_i20220924,—
us-gaap:equitysecuritiesfvnicurrentandnoncurrent,i1572e919a88a48628b9536b89ca2cfd7_i20220924,"2,929"
us-gaap:equitysecuritiesfvnicost,i7de6f07271df4c38bf50a3f015eff196_i20220924,274
aapl:equitysecuritiesfvniaccumulatedgrossunrealizedgainbeforetax,i7de6f07271df4c38bf50a3f015eff196_i20220924,—
aapl:equitysecuritiesfvniaccumulatedgrossunrealizedlossbeforetax,i7de6f07271df4c38bf50a3f015eff196_i20220924,47
us-gaap:equitysecuritiesfvnicurrentandnoncurrent,i7de6f07271df4c38bf50a3f015eff196_i20220924,227
us-gaap:equitysecuritiesfvnicost,i2d4194f558b54b0dae8098daa307773d_i20220924,"3,203"
aapl:equitysecuritiesfvniaccumulatedgrossunrealizedgainbeforetax,i2d4194f558b54b0dae8098daa307773d_i20220924,—
aapl:equitysecuritiesfvniaccumulatedgrossunrealizedlossbeforetax,i2d4194f558b54b0dae8098daa307773d_i20220924,47
us-gaap:equitysecuritiesfvnicurrentandnoncurrent,i2d4194f558b54b0dae8098daa307773d_i20220924,"3,156"
us-gaap:equitysecuritiesfvnicost,i56a637ccde3e4b80be3a6195489f1fb1_i20210925,"9,608"
aapl:equitysecuritiesfvniaccumulatedgrossunrealizedgainbeforetax,i56a637ccde3e4b80be3a6195489f1fb1_i20210925,—
aapl:equitysecuritiesfvniaccumulatedgrossunrealizedlossbeforetax,i56a637ccde3e4b80be3a6195489f1fb1_i20210925,—
us-gaap:equitysecuritiesfvnicurrentandnoncurrent,i56a637ccde3e4b80be3a6195489f1fb1_i20210925,"9,608"
us-gaap:equitysecuritiesfvnicost,ibdb435c1fe50484eb46e93c4f85c2691_i20210925,175
aapl:equitysecuritiesfvniaccumulatedgrossunrealizedgainbeforetax,ibdb435c1fe50484eb46e93c4f85c2691_i20210925,11
aapl:equitysecuritiesfvniaccumulatedgrossunrealizedlossbeforetax,ibdb435c1fe50484eb46e93c4f85c2691_i20210925,1
us-gaap:equitysecuritiesfvnicurrentandnoncurrent,ibdb435c1fe50484eb46e93c4f85c2691_i20210925,185
us-gaap:equitysecuritiesfvnicost,i289e046967ca466e8a7bbc31034b47ea_i20210925,"9,783"
aapl:equitysecuritiesfvniaccumulatedgrossunrealizedgainbeforetax,i289e046967ca466e8a7bbc31034b47ea_i20210925,11
aapl:equitysecuritiesfvniaccumulatedgrossunrealizedlossbeforetax,i289e046967ca466e8a7bbc31034b47ea_i20210925,1
us-gaap:equitysecuritiesfvnicurrentandnoncurrent,i289e046967ca466e8a7bbc31034b47ea_i20210925,"9,793"
us-gaap:equitysecuritiesfvnicost,id51ee1c28b124f9296cf78f9b5d55a15_i20210925,"1,527"
aapl:equitysecuritiesfvniaccumulatedgrossunrealizedgainbeforetax,id51ee1c28b124f9296cf78f9b5d55a15_i20210925,—
aapl:equitysecuritiesfvniaccumulatedgrossunrealizedlossbeforetax,id51ee1c28b124f9296cf78f9b5d55a15_i20210925,564
us-gaap:equitysecuritiesfvnicurrentandnoncurrent,id51ee1c28b124f9296cf78f9b5d55a15_i20210925,963
us-gaap:derivativeassetfairvaluegrossassetincludingnotsubjecttomasternettingarrangement,i2a319ef5c5d449fbbecfb39cba4ed29c_i20220924,"4,317"
us-gaap:derivativeassetfairvaluegrossassetincludingnotsubjecttomasternettingarrangement,i68cd148beec54dda99c213a137873283_i20220924,"2,819"
us-gaap:derivativeassetfairvaluegrossassetincludingnotsubjecttomasternettingarrangement,i79892acf35aa40b5bcf45804c84b36bf_i20220924,"7,136"
us-gaap:fairvalueconcentrationofriskderivativefinancialinstrumentsassets,i060965bcee8843a2a1d45bec6832de0b_i20220924,"7,136"
us-gaap:derivativeliabilityfairvaluegrossliabilityincludingnotsubjecttomasternettingarrangement,i940c3b24c95849f696f4b702391e553e_i20220924,"2,205"
us-gaap:derivativeliabilityfairvaluegrossliabilityincludingnotsubjecttomasternettingarrangement,i93f6d3e8fbb046f2b38b1895df6ea71d_i20220924,"2,547"
us-gaap:derivativeliabilityfairvaluegrossliabilityincludingnotsubjecttomasternettingarrangement,i1d832468645245bdafc1c3e85dc9eba8_i20220924,"4,752"
us-gaap:derivativeliabilityfairvaluegrossliabilityincludingnotsubjecttomasternettingarrangement,i30460744b32d47d187a6307bde7e82ec_i20220924,"1,367"
us-gaap:derivativeliabilityfairvaluegrossliabilityincludingnotsubjecttomasternettingarrangement,i269b91ce6da7438e81e9971918408747_i20220924,—
us-gaap:derivativeliabilityfairvaluegrossliabilityincludingnotsubjecttomasternettingarrangement,ic9c087c90fb04fa68eb91ede31fb0867_i20220924,"1,367"
aapl:derivativeassetsreductionformasternettingarrangementsincludingtheeffectsofcollateral,if3ba800b42a9406abf364f6d45d67e23_i20220924,7.8
aapl:derivativeliabilitiesreductionformasternettingarrangementsincludingtheeffectsofcollateral,if3ba800b42a9406abf364f6d45d67e23_i20220924,7.8
us-gaap:hedgedassetfairvaluehedge,i4b253ae801514c0694de9ec41eadf6e5_i20220924,"13,378"
us-gaap:hedgedassetfairvaluehedge,i34c7c313a44346178242d470b630d52f_i20210925,"15,954"
us-gaap:hedgedliabilityfairvaluehedge,i4625584e6e1c41a6bb019be332ce147c_i20220924,"18,739"
us-gaap:hedgedliabilityfairvaluehedge,ib37a042697ae425a818b3d031a7fd50b_i20210925,"17,857"
us-gaap:othernoncurrentliabilitiestabletextblock,i4a4fb50fc2db4070adb20304175890ef_d20210926-20220924,"Other Non-Current Liabilities20222021Long-term taxes payable$16,657 $24,689 Other non-current liabilities32,485 28,636 Total other non-current liabilities$49,142 $53,325"
us-gaap:otheraccruedliabilitiesnoncurrent,if3ba800b42a9406abf364f6d45d67e23_i20220924,"32,485"
us-gaap:otheraccruedliabilitiesnoncurrent,i4e82d58a300a4a309eacd18ec8c3e8c7_i20210925,"28,636"
us-gaap:otherliabilitiesnoncurrent,if3ba800b42a9406abf364f6d45d67e23_i20220924,"49,142"
us-gaap:otherliabilitiesnoncurrent,i4e82d58a300a4a309eacd18ec8c3e8c7_i20210925,"53,325"
us-gaap:scheduleofdeferredtaxassetsandliabilitiestabletextblock,i4a4fb50fc2db4070adb20304175890ef_d20210926-20220924,"As of September 24, 2022 and September 25, 2021, the significant components of the Company’s deferred tax assets and liabilities were (in millions):20222021Deferred tax assets:Amortization and depreciation$1,496 $5,575 Accrued liabilities and other reserves6,515 5,895 Lease liabilities2,400 2,406 Deferred revenue5,742 5,399 Unrealized losses2,913 53 Tax credit carryforwards6,962 4,262 Other1,596 1,639 Total deferred tax assets27,624 25,229 Less: Valuation allowance(7,530)(4,903)Total deferred tax assets, net20,094 20,326 Deferred tax liabilities:Minimum tax on foreign earnings1,983 4,318 Right-of-use assets2,163 2,167 Unrealized gains942 203 Other469 565 Total deferred tax liabilities5,557 7,253 Net deferred tax assets$14,537 $13,073"
us-gaap:deferredtaxassetsgoodwillandintangibleassets,if3ba800b42a9406abf364f6d45d67e23_i20220924,"1,496"
us-gaap:deferredtaxassetsgoodwillandintangibleassets,i4e82d58a300a4a309eacd18ec8c3e8c7_i20210925,"5,575"
us-gaap:deferredtaxassetstaxdeferredexpensereservesandaccruals,if3ba800b42a9406abf364f6d45d67e23_i20220924,"6,515"
us-gaap:deferredtaxassetstaxdeferredexpensereservesandaccruals,i4e82d58a300a4a309eacd18ec8c3e8c7_i20210925,"5,895"
aapl:deferredtaxassetsleaseliabilities,if3ba800b42a9406abf364f6d45d67e23_i20220924,"2,400"
aapl:deferredtaxassetsleaseliabilities,i4e82d58a300a4a309eacd18ec8c3e8c7_i20210925,"2,406"
us-gaap:deferredtaxassetsdeferredincome,if3ba800b42a9406abf364f6d45d67e23_i20220924,"5,742"
us-gaap:deferredtaxassetsdeferredincome,i4e82d58a300a4a309eacd18ec8c3e8c7_i20210925,"5,399"
us-gaap:deferredtaxassetsothercomprehensiveloss,if3ba800b42a9406abf364f6d45d67e23_i20220924,"2,913"
us-gaap:deferredtaxassetsothercomprehensiveloss,i4e82d58a300a4a309eacd18ec8c3e8c7_i20210925,53
us-gaap:deferredtaxassetstaxcreditcarryforwards,if3ba800b42a9406abf364f6d45d67e23_i20220924,"6,962"
us-gaap:deferredtaxassetstaxcreditcarryforwards,i4e82d58a300a4a309eacd18ec8c3e8c7_i20210925,"4,262"
us-gaap:deferredtaxassetsother,if3ba800b42a9406abf364f6d45d67e23_i20220924,"1,596"
us-gaap:deferredtaxassetsother,i4e82d58a300a4a309eacd18ec8c3e8c7_i20210925,"1,639"
us-gaap:deferredtaxassetsgross,if3ba800b42a9406abf364f6d45d67e23_i20220924,"27,624"
us-gaap:deferredtaxassetsgross,i4e82d58a300a4a309eacd18ec8c3e8c7_i20210925,"25,229"
us-gaap:deferredtaxassetsvaluationallowance,if3ba800b42a9406abf364f6d45d67e23_i20220924,"7,530"
us-gaap:deferredtaxassetsvaluationallowance,i4e82d58a300a4a309eacd18ec8c3e8c7_i20210925,"4,903"
us-gaap:deferredtaxassetsnet,if3ba800b42a9406abf364f6d45d67e23_i20220924,"20,094"
us-gaap:deferredtaxassetsnet,i4e82d58a300a4a309eacd18ec8c3e8c7_i20210925,"20,326"
aapl:deferredtaxliabilitiesminimumtaxonforeignearnings,if3ba800b42a9406abf364f6d45d67e23_i20220924,"1,983"
aapl:deferredtaxliabilitiesminimumtaxonforeignearnings,i4e82d58a300a4a309eacd18ec8c3e8c7_i20210925,"4,318"
us-gaap:deferredtaxliabilitiesleasingarrangements,if3ba800b42a9406abf364f6d45d67e23_i20220924,"2,163"
us-gaap:deferredtaxliabilitiesleasingarrangements,i4e82d58a300a4a309eacd18ec8c3e8c7_i20210925,"2,167"
us-gaap:deferredtaxliabilitiesothercomprehensiveincome,if3ba800b42a9406abf364f6d45d67e23_i20220924,942
us-gaap:deferredtaxliabilitiesothercomprehensiveincome,i4e82d58a300a4a309eacd18ec8c3e8c7_i20210925,203
us-gaap:deferredtaxliabilitiesother,if3ba800b42a9406abf364f6d45d67e23_i20220924,469
us-gaap:deferredtaxliabilitiesother,i4e82d58a300a4a309eacd18ec8c3e8c7_i20210925,565
us-gaap:deferredincometaxliabilities,if3ba800b42a9406abf364f6d45d67e23_i20220924,"5,557"
us-gaap:deferredincometaxliabilities,i4e82d58a300a4a309eacd18ec8c3e8c7_i20210925,"7,253"
us-gaap:deferredtaxassetsliabilitiesnet,if3ba800b42a9406abf364f6d45d67e23_i20220924,"14,537"
us-gaap:deferredtaxassetsliabilitiesnet,i4e82d58a300a4a309eacd18ec8c3e8c7_i20210925,"13,073"
us-gaap:deferredtaxassetstaxcreditcarryforwardsforeign,if3ba800b42a9406abf364f6d45d67e23_i20220924,4.4
us-gaap:deferredtaxassetstaxcreditcarryforwardsresearch,if3ba800b42a9406abf364f6d45d67e23_i20220924,2.5
aapl:rightofuseassetsobtainedinexchangeforoperatingandfinanceleaseliabilities,i4a4fb50fc2db4070adb20304175890ef_d20210926-20220924,2.8
aapl:rightofuseassetsobtainedinexchangeforoperatingandfinanceleaseliabilities,i31bf5094819a46b79a45ba71ba807c86_d20200927-20210925,3.3
aapl:rightofuseassetsobtainedinexchangeforoperatingandfinanceleaseliabilities,idaa220573a164e6f8ce0fa26f32a2bdb_d20190929-20200926,10.5
aapl:operatingandfinanceleaserightofuseassetsandleaseliabilitiestabletextblock,i4a4fb50fc2db4070adb20304175890ef_d20210926-20220924,"The following table shows ROU assets and lease liabilities, and the associated financial statement line items, as of September 24, 2022 and September 25, 2021 (in millions):Lease-Related Assets and LiabilitiesFinancial Statement Line Items20222021Right-of-use assets:Operating leasesOther non-current assets$10,417 $10,087 Finance leasesProperty, plant and equipment, net952 861 Total right-of-use assets$11,369 $10,948 Lease liabilities:Operating leasesOther current liabilities$1,534 $1,449 Other non-current liabilities9,936 9,506 Finance leasesOther current liabilities129 79 Other non-current liabilities812 769 Total lease liabilities$12,411 $11,803"
us-gaap:operatingleaserightofuseasset,if3ba800b42a9406abf364f6d45d67e23_i20220924,"10,417"
us-gaap:operatingleaserightofuseasset,i4e82d58a300a4a309eacd18ec8c3e8c7_i20210925,"10,087"
us-gaap:financeleaserightofuseasset,if3ba800b42a9406abf364f6d45d67e23_i20220924,952
us-gaap:financeleaserightofuseasset,i4e82d58a300a4a309eacd18ec8c3e8c7_i20210925,861
aapl:operatingandfinanceleaserightofuseasset,if3ba800b42a9406abf364f6d45d67e23_i20220924,"11,369"
aapl:operatingandfinanceleaserightofuseasset,i4e82d58a300a4a309eacd18ec8c3e8c7_i20210925,"10,948"
us-gaap:operatingleaseliabilitycurrent,if3ba800b42a9406abf364f6d45d67e23_i20220924,"1,534"
us-gaap:operatingleaseliabilitycurrent,i4e82d58a300a4a309eacd18ec8c3e8c7_i20210925,"1,449"
us-gaap:operatingleaseliabilitynoncurrent,if3ba800b42a9406abf364f6d45d67e23_i20220924,"9,936"
us-gaap:operatingleaseliabilitynoncurrent,i4e82d58a300a4a309eacd18ec8c3e8c7_i20210925,"9,506"
us-gaap:financeleaseliabilitycurrent,if3ba800b42a9406abf364f6d45d67e23_i20220924,129
us-gaap:financeleaseliabilitycurrent,i4e82d58a300a4a309eacd18ec8c3e8c7_i20210925,79
us-gaap:financeleaseliabilitynoncurrent,if3ba800b42a9406abf364f6d45d67e23_i20220924,812
us-gaap:financeleaseliabilitynoncurrent,i4e82d58a300a4a309eacd18ec8c3e8c7_i20210925,769
aapl:operatingandfinanceleaseliability,if3ba800b42a9406abf364f6d45d67e23_i20220924,"12,411"
aapl:operatingandfinanceleaseliability,i4e82d58a300a4a309eacd18ec8c3e8c7_i20210925,"11,803"
us-gaap:lesseeoperatingleaseliabilitymaturitytabletextblock,i4a4fb50fc2db4070adb20304175890ef_d20210926-20220924,"Lease liability maturities as of September 24, 2022, are as follows (in millions):OperatingLeasesFinanceLeasesTotal2023$1,758 $155 $1,913 20241,742 130 1,872 20251,677 81 1,758 20261,382 48 1,430 20271,143 34 1,177 Thereafter5,080 906 5,986 Total undiscounted liabilities12,782 1,354 14,136 Less: Imputed interest(1,312)(413)(1,725)Total lease liabilities$11,470 $941 $12,411"
us-gaap:financeleaseliabilitymaturitytabletextblock,i4a4fb50fc2db4070adb20304175890ef_d20210926-20220924,"Lease liability maturities as of September 24, 2022, are as follows (in millions):OperatingLeasesFinanceLeasesTotal2023$1,758 $155 $1,913 20241,742 130 1,872 20251,677 81 1,758 20261,382 48 1,430 20271,143 34 1,177 Thereafter5,080 906 5,986 Total undiscounted liabilities12,782 1,354 14,136 Less: Imputed interest(1,312)(413)(1,725)Total lease liabilities$11,470 $941 $12,411"
us-gaap:lesseeoperatingleaseliabilitypaymentsduenexttwelvemonths,if3ba800b42a9406abf364f6d45d67e23_i20220924,"1,758"
us-gaap:financeleaseliabilitypaymentsduenexttwelvemonths,if3ba800b42a9406abf364f6d45d67e23_i20220924,155
aapl:lesseeoperatingandfinanceleaseliabilitytobepaidyearone,if3ba800b42a9406abf364f6d45d67e23_i20220924,"1,913"
us-gaap:lesseeoperatingleaseliabilitypaymentsdueyeartwo,if3ba800b42a9406abf364f6d45d67e23_i20220924,"1,742"
us-gaap:financeleaseliabilitypaymentsdueyeartwo,if3ba800b42a9406abf364f6d45d67e23_i20220924,130
aapl:lesseeoperatingandfinanceleaseliabilitytobepaidyeartwo,if3ba800b42a9406abf364f6d45d67e23_i20220924,"1,872"
us-gaap:lesseeoperatingleaseliabilitypaymentsdueyearthree,if3ba800b42a9406abf364f6d45d67e23_i20220924,"1,677"
us-gaap:financeleaseliabilitypaymentsdueyearthree,if3ba800b42a9406abf364f6d45d67e23_i20220924,81
aapl:lesseeoperatingandfinanceleaseliabilitytobepaidyearthree,if3ba800b42a9406abf364f6d45d67e23_i20220924,"1,758"
us-gaap:lesseeoperatingleaseliabilitypaymentsdueyearfour,if3ba800b42a9406abf364f6d45d67e23_i20220924,"1,382"
us-gaap:financeleaseliabilitypaymentsdueyearfour,if3ba800b42a9406abf364f6d45d67e23_i20220924,48
aapl:lesseeoperatingandfinanceleaseliabilitytobepaidyearfour,if3ba800b42a9406abf364f6d45d67e23_i20220924,"1,430"
us-gaap:lesseeoperatingleaseliabilitypaymentsdueyearfive,if3ba800b42a9406abf364f6d45d67e23_i20220924,"1,143"
us-gaap:financeleaseliabilitypaymentsdueyearfive,if3ba800b42a9406abf364f6d45d67e23_i20220924,34
aapl:lesseeoperatingandfinanceleaseliabilitytobepaidyearfive,if3ba800b42a9406abf364f6d45d67e23_i20220924,"1,177"
us-gaap:lesseeoperatingleaseliabilitypaymentsdueafteryearfive,if3ba800b42a9406abf364f6d45d67e23_i20220924,"5,080"
us-gaap:financeleaseliabilitypaymentsdueafteryearfive,if3ba800b42a9406abf364f6d45d67e23_i20220924,906
aapl:lesseeoperatingandfinanceleaseliabilitytobepaidafteryearfive,if3ba800b42a9406abf364f6d45d67e23_i20220924,"5,986"
us-gaap:lesseeoperatingleaseliabilitypaymentsdue,if3ba800b42a9406abf364f6d45d67e23_i20220924,"12,782"
us-gaap:financeleaseliabilitypaymentsdue,if3ba800b42a9406abf364f6d45d67e23_i20220924,"1,354"
aapl:lesseeoperatingandfinanceleaseliabilitypaymentsdue,if3ba800b42a9406abf364f6d45d67e23_i20220924,"14,136"
us-gaap:lesseeoperatingleaseliabilityundiscountedexcessamount,if3ba800b42a9406abf364f6d45d67e23_i20220924,"1,312"
us-gaap:financeleaseliabilityundiscountedexcessamount,if3ba800b42a9406abf364f6d45d67e23_i20220924,413
aapl:lesseeoperatingandfinanceleaseliabilityundiscountedexcessamount,if3ba800b42a9406abf364f6d45d67e23_i20220924,"1,725"
us-gaap:operatingleaseliability,if3ba800b42a9406abf364f6d45d67e23_i20220924,"11,470"
us-gaap:financeleaseliability,if3ba800b42a9406abf364f6d45d67e23_i20220924,941
aapl:operatingandfinanceleaseliability,if3ba800b42a9406abf364f6d45d67e23_i20220924,"12,411"
us-gaap:stockholdersequitynotedisclosuretextblock,i4a4fb50fc2db4070adb20304175890ef_d20210926-20220924,Shareholders’ Equity
aapl:sharebasedcompensationarrangementbysharebasedpaymentawardequityinstrumentsotherthanoptionsnumberofsharesofcommonstockissuedperunituponvesting,i1b83b8d6b91340a78992ff95d6d1f973_d20210926-20220924,one
us-gaap:sharebasedcompensationarrangementbysharebasedpaymentawardequityinstrumentsotherthanoptionsnonvestednumber,i92c0306f3e7547168cc680a2c20bc01c_i20190928,"326,068"
us-gaap:sharebasedcompensationarrangementbysharebasedpaymentawardequityinstrumentsotherthanoptionsnonvestedweightedaveragegrantdatefairvalue,i92c0306f3e7547168cc680a2c20bc01c_i20190928,42.30
us-gaap:sharebasedcompensationarrangementbysharebasedpaymentawardequityinstrumentsotherthanoptionsgrantsinperiod,ibf38ddd854424d93b44dbb2293e05634_d20190929-20200926,"156,800"
us-gaap:sharebasedcompensationarrangementbysharebasedpaymentawardequityinstrumentsotherthanoptionsgrantsinperiodweightedaveragegrantdatefairvalue,ibf38ddd854424d93b44dbb2293e05634_d20190929-20200926,59.20
us-gaap:sharebasedcompensationarrangementbysharebasedpaymentawardequityinstrumentsotherthanoptionsvestedinperiod,ibf38ddd854424d93b44dbb2293e05634_d20190929-20200926,"157,743"
us-gaap:sharebasedcompensationarrangementbysharebasedpaymentawardequityinstrumentsotherthanoptionsvestedinperiodweightedaveragegrantdatefairvalue,ibf38ddd854424d93b44dbb2293e05634_d20190929-20200926,40.29
us-gaap:sharebasedcompensationarrangementbysharebasedpaymentawardequityinstrumentsotherthanoptionsforfeitedinperiod,ibf38ddd854424d93b44dbb2293e05634_d20190929-20200926,"14,347"
us-gaap:sharebasedcompensationarrangementbysharebasedpaymentawardequityinstrumentsotherthanoptionsforfeituresweightedaveragegrantdatefairvalue,ibf38ddd854424d93b44dbb2293e05634_d20190929-20200926,48.07
us-gaap:sharebasedcompensationarrangementbysharebasedpaymentawardequityinstrumentsotherthanoptionsnonvestednumber,i79b4369cbd40483d9e959d6f084adc13_i20200926,"310,778"
us-gaap:sharebasedcompensationarrangementbysharebasedpaymentawardequityinstrumentsotherthanoptionsnonvestedweightedaveragegrantdatefairvalue,i79b4369cbd40483d9e959d6f084adc13_i20200926,51.58
us-gaap:sharebasedcompensationarrangementbysharebasedpaymentawardequityinstrumentsotherthanoptionsgrantsinperiod,ie80f4e98c57d4e059d2520b3ab721c2a_d20200927-20210925,"89,363"
us-gaap:sharebasedcompensationarrangementbysharebasedpaymentawardequityinstrumentsotherthanoptionsgrantsinperiodweightedaveragegrantdatefairvalue,ie80f4e98c57d4e059d2520b3ab721c2a_d20200927-20210925,116.33
us-gaap:sharebasedcompensationarrangementbysharebasedpaymentawardequityinstrumentsotherthanoptionsvestedinperiod,ie80f4e98c57d4e059d2520b3ab721c2a_d20200927-20210925,"145,766"
us-gaap:sharebasedcompensationarrangementbysharebasedpaymentawardequityinstrumentsotherthanoptionsvestedinperiodweightedaveragegrantdatefairvalue,ie80f4e98c57d4e059d2520b3ab721c2a_d20200927-20210925,50.71
us-gaap:sharebasedcompensationarrangementbysharebasedpaymentawardequityinstrumentsotherthanoptionsforfeitedinperiod,ie80f4e98c57d4e059d2520b3ab721c2a_d20200927-20210925,"13,948"
us-gaap:sharebasedcompensationarrangementbysharebasedpaymentawardequityinstrumentsotherthanoptionsforfeituresweightedaveragegrantdatefairvalue,ie80f4e98c57d4e059d2520b3ab721c2a_d20200927-20210925,68.95
us-gaap:sharebasedcompensationarrangementbysharebasedpaymentawardequityinstrumentsotherthanoptionsnonvestednumber,i1709090c4e0d400b822eabc7197e5a5b_i20210925,"240,427"
us-gaap:sharebasedcompensationarrangementbysharebasedpaymentawardequityinstrumentsotherthanoptionsnonvestedweightedaveragegrantdatefairvalue,i1709090c4e0d400b822eabc7197e5a5b_i20210925,75.16
us-gaap:sharebasedcompensationarrangementbysharebasedpaymentawardequityinstrumentsotherthanoptionsgrantsinperiod,ie91428b2c5f94bf4992e02954a1a0be1_d20210926-20220924,"91,674"
us-gaap:sharebasedcompensationarrangementbysharebasedpaymentawardequityinstrumentsotherthanoptionsgrantsinperiodweightedaveragegrantdatefairvalue,ie91428b2c5f94bf4992e02954a1a0be1_d20210926-20220924,150.70
us-gaap:sharebasedcompensationarrangementbysharebasedpaymentawardequityinstrumentsotherthanoptionsvestedinperiod,ie91428b2c5f94bf4992e02954a1a0be1_d20210926-20220924,"115,861"
us-gaap:sharebasedcompensationarrangementbysharebasedpaymentawardequityinstrumentsotherthanoptionsvestedinperiodweightedaveragegrantdatefairvalue,ie91428b2c5f94bf4992e02954a1a0be1_d20210926-20220924,72.12
us-gaap:sharebasedcompensationarrangementbysharebasedpaymentawardequityinstrumentsotherthanoptionsforfeitedinperiod,ie91428b2c5f94bf4992e02954a1a0be1_d20210926-20220924,"14,739"
us-gaap:sharebasedcompensationarrangementbysharebasedpaymentawardequityinstrumentsotherthanoptionsforfeituresweightedaveragegrantdatefairvalue,ie91428b2c5f94bf4992e02954a1a0be1_d20210926-20220924,99.77
us-gaap:sharebasedcompensationarrangementbysharebasedpaymentawardequityinstrumentsotherthanoptionsnonvestednumber,ida3c46e699764c308360ae6f243d9bc8_i20220924,"201,501"
us-gaap:sharebasedcompensationarrangementbysharebasedpaymentawardequityinstrumentsotherthanoptionsnonvestedweightedaveragegrantdatefairvalue,ida3c46e699764c308360ae6f243d9bc8_i20220924,109.48
us-gaap:sharebasedcompensationarrangementbysharebasedpaymentawardequityinstrumentsotherthanoptionsaggregateintrinsicvaluenonvested,ida3c46e699764c308360ae6f243d9bc8_i20220924,"30,312"
us-gaap:sharebasedcompensationarrangementbysharebasedpaymentawardequityinstrumentsotherthanoptionsvestedinperiodtotalfairvalue,ie91428b2c5f94bf4992e02954a1a0be1_d20210926-20220924,18.2
us-gaap:sharebasedcompensationarrangementbysharebasedpaymentawardequityinstrumentsotherthanoptionsvestedinperiodtotalfairvalue,ie80f4e98c57d4e059d2520b3ab721c2a_d20200927-20210925,19.0
us-gaap:sharebasedcompensationarrangementbysharebasedpaymentawardequityinstrumentsotherthanoptionsvestedinperiodtotalfairvalue,ibf38ddd854424d93b44dbb2293e05634_d20190929-20200926,10.8
us-gaap:scheduleofrevenuesfromexternalcustomersandlonglivedassetsbygeographicalareastabletextblock,i4a4fb50fc2db4070adb20304175890ef_d20210926-20220924,"Net sales for 2022, 2021 and 2020 and long-lived assets as of September 24, 2022 and September 25, 2021 were as follows (in millions):"
us-gaap:noncurrentassets,i560a8275ef1b4672badc539ae85eed0d_i20220924,"31,119"
us-gaap:noncurrentassets,ia404b8d9753e49a58c626eb440b4c099_i20210925,"28,203"
us-gaap:noncurrentassets,i5f9fa036baee4fb696218169441035d0_i20220924,"7,260"
us-gaap:noncurrentassets,i23b0239c414844b49c48ef4e3234d7e4_i20210925,"7,521"
us-gaap:noncurrentassets,i2f060f06ab854b43853f5db696340710_i20220924,"3,738"
us-gaap:noncurrentassets,i9e3c16d46ab346b49d8f31a4458e6ddb_i20210925,"3,716"
us-gaap:noncurrentassets,if3ba800b42a9406abf364f6d45d67e23_i20220924,"42,117"
us-gaap:noncurrentassets,i4e82d58a300a4a309eacd18ec8c3e8c7_i20210925,"39,440"
