us-gaap:hedgedassetstatementoffinancialpositionextensibleenumeration,Period_22,http://fasb.org/us-gaap/2023#MarketableSecuritiesCurrent http://fasb.org/us-gaap/2023#MarketableSecuritiesNoncurrent
us-gaap:hedgedassetstatementoffinancialpositionextensibleenumeration,c-23,http://fasb.org/us-gaap/2023#MarketableSecuritiesCurrent http://fasb.org/us-gaap/2023#MarketableSecuritiesNoncurrent
us-gaap:hedgedliabilitystatementoffinancialpositionextensibleenumeration,c-22,http://fasb.org/us-gaap/2023#LongTermDebtCurrent http://fasb.org/us-gaap/2023#LongTermDebtNoncurrent
us-gaap:hedgedliabilitystatementoffinancialpositionextensibleenumeration,c-23,http://fasb.org/us-gaap/2023#LongTermDebtCurrent http://fasb.org/us-gaap/2023#LongTermDebtNoncurrent
us-gaap:operatingleaserightofuseassetstatementoffinancialpositionextensiblelist,c-22,http://fasb.org/us-gaap/2023#OtherAssetsNoncurrent
us-gaap:operatingleaserightofuseassetstatementoffinancialpositionextensiblelist,c-23,http://fasb.org/us-gaap/2023#OtherAssetsNoncurrent
us-gaap:financeleaserightofuseassetstatementoffinancialpositionextensiblelist,c-22,http://fasb.org/us-gaap/2023#PropertyPlantAndEquipmentNet
us-gaap:financeleaserightofuseassetstatementoffinancialpositionextensiblelist,c-23,http://fasb.org/us-gaap/2023#PropertyPlantAndEquipmentNet
us-gaap:operatingleaseliabilitycurrentstatementoffinancialpositionextensiblelist,c-22,http://fasb.org/us-gaap/2023#OtherLiabilitiesCurrent
us-gaap:operatingleaseliabilitycurrentstatementoffinancialpositionextensiblelist,c-23,http://fasb.org/us-gaap/2023#OtherLiabilitiesCurrent
us-gaap:operatingleaseliabilitynoncurrentstatementoffinancialpositionextensiblelist,c-22,http://fasb.org/us-gaap/2023#OtherLiabilitiesNoncurrent
us-gaap:operatingleaseliabilitynoncurrentstatementoffinancialpositionextensiblelist,c-23,http://fasb.org/us-gaap/2023#OtherLiabilitiesNoncurrent
us-gaap:financeleaseliabilitycurrentstatementoffinancialpositionextensiblelist,c-22,http://fasb.org/us-gaap/2023#OtherLiabilitiesCurrent
us-gaap:financeleaseliabilitycurrentstatementoffinancialpositionextensiblelist,c-23,http://fasb.org/us-gaap/2023#OtherLiabilitiesCurrent
us-gaap:financeleaseliabilitynoncurrentstatementoffinancialpositionextensiblelist,c-22,http://fasb.org/us-gaap/2023#OtherLiabilitiesNoncurrent
us-gaap:financeleaseliabilitynoncurrentstatementoffinancialpositionextensiblelist,c-23,http://fasb.org/us-gaap/2023#OtherLiabilitiesNoncurrent
us-gaap:otherassetscurrent,c-22,"14,695"
us-gaap:otherassetscurrent,c-23,"21,223"
us-gaap:assetscurrent,c-22,"143,566"
us-gaap:assetscurrent,c-23,"135,405"
us-gaap:otherassetsnoncurrent,c-22,"64,758"
us-gaap:otherassetsnoncurrent,c-23,"54,428"
us-gaap:assetsnoncurrent,c-22,"209,017"
us-gaap:assetsnoncurrent,c-23,"217,350"
us-gaap:assets,c-22,"352,583"
us-gaap:assets,c-23,"352,755"
us-gaap:otherliabilitiescurrent,c-22,"58,829"
us-gaap:otherliabilitiescurrent,c-23,"60,845"
us-gaap:contractwithcustomerliabilitycurrent,c-22,"8,061"
us-gaap:contractwithcustomerliabilitycurrent,c-23,"7,912"
us-gaap:liabilitiescurrent,c-22,"145,308"
us-gaap:liabilitiescurrent,c-23,"153,982"
us-gaap:otherliabilitiesnoncurrent,c-22,"49,848"
us-gaap:otherliabilitiesnoncurrent,c-23,"49,142"
us-gaap:liabilitiesnoncurrent,c-22,"145,129"
us-gaap:liabilitiesnoncurrent,c-23,"148,101"
us-gaap:liabilities,c-22,"290,437"
us-gaap:liabilities,c-23,"302,083"
us-gaap:stockholdersequity,c-22,"62,146"
us-gaap:stockholdersequity,c-23,"50,672"
us-gaap:liabilitiesandstockholdersequity,c-22,"352,583"
us-gaap:liabilitiesandstockholdersequity,c-23,"352,755"
us-gaap:stockholdersequity,c-23,"50,672"
us-gaap:stockholdersequity,c-24,"63,090"
us-gaap:stockholdersequity,c-25,"65,339"
us-gaap:stockholdersequity,c-26,"64,849"
us-gaap:stockholdersequity,c-27,"57,365"
us-gaap:stockholdersequity,c-28,"50,779"
us-gaap:stockholdersequity,c-32,"73,812"
us-gaap:stockholdersequity,c-26,"64,849"
us-gaap:stockholdersequity,c-27,"57,365"
us-gaap:stockholdersequity,c-33,"3,068"
us-gaap:stockholdersequity,c-34,"5,562"
us-gaap:stockholdersequity,c-35,"14,966"
us-gaap:stockholdersequity,c-39,214
us-gaap:stockholdersequity,c-33,"3,068"
us-gaap:stockholdersequity,c-34,"5,562"
us-gaap:stockholdersequity,c-40,"11,109"
us-gaap:stockholdersequity,c-41,163
us-gaap:stockholdersequity,c-42,406
us-gaap:stockholdersequity,c-46,"11,452"
us-gaap:stockholdersequity,c-40,"11,109"
us-gaap:stockholdersequity,c-41,163
us-gaap:stockholdersequity,c-22,"62,146"
us-gaap:stockholdersequity,c-23,"50,672"
us-gaap:stockholdersequity,c-24,"63,090"
us-gaap:increasedecreaseinotheroperatingassets,c-1,"5,684"
us-gaap:increasedecreaseinotheroperatingassets,c-20,"6,499"
us-gaap:increasedecreaseinotheroperatingassets,c-21,"8,042"
us-gaap:increasedecreaseinotheroperatingliabilities,c-1,"3,031"
us-gaap:increasedecreaseinotheroperatingliabilities,c-20,"6,110"
us-gaap:increasedecreaseinotheroperatingliabilities,c-21,"7,475"
us-gaap:contractwithcustomerliabilityrevenuerecognized,c-1,8.2
us-gaap:contractwithcustomerliabilityrevenuerecognized,c-20,7.5
us-gaap:contractwithcustomerliabilityrevenuerecognized,c-21,6.7
us-gaap:contractwithcustomerliability,c-22,12.1
us-gaap:contractwithcustomerliability,c-23,12.4
us-gaap:equitysecuritiesfvnicost,c-65,481
aapl:equitysecuritiesfvniaccumulatedgrossunrealizedgainbeforetax,c-65,—
aapl:equitysecuritiesfvniaccumulatedgrossunrealizedlossbeforetax,c-65,—
us-gaap:equitysecuritiesfvnicurrentandnoncurrent,c-65,481
us-gaap:equitysecuritiesfvnicost,c-66,442
aapl:equitysecuritiesfvniaccumulatedgrossunrealizedgainbeforetax,c-66,12
aapl:equitysecuritiesfvniaccumulatedgrossunrealizedlossbeforetax,c-66,26
us-gaap:equitysecuritiesfvnicurrentandnoncurrent,c-66,428
us-gaap:equitysecuritiesfvnicost,c-67,923
aapl:equitysecuritiesfvniaccumulatedgrossunrealizedgainbeforetax,c-67,12
aapl:equitysecuritiesfvniaccumulatedgrossunrealizedlossbeforetax,c-67,26
us-gaap:equitysecuritiesfvnicurrentandnoncurrent,c-67,909
us-gaap:equitysecuritiesfvnicost,c-78,"2,929"
aapl:equitysecuritiesfvniaccumulatedgrossunrealizedgainbeforetax,c-78,—
aapl:equitysecuritiesfvniaccumulatedgrossunrealizedlossbeforetax,c-78,—
us-gaap:equitysecuritiesfvnicurrentandnoncurrent,c-78,"2,929"
us-gaap:equitysecuritiesfvnicost,c-79,274
aapl:equitysecuritiesfvniaccumulatedgrossunrealizedgainbeforetax,c-79,—
aapl:equitysecuritiesfvniaccumulatedgrossunrealizedlossbeforetax,c-79,47
us-gaap:equitysecuritiesfvnicurrentandnoncurrent,c-79,227
us-gaap:equitysecuritiesfvnicost,c-80,"3,203"
aapl:equitysecuritiesfvniaccumulatedgrossunrealizedgainbeforetax,c-80,—
aapl:equitysecuritiesfvniaccumulatedgrossunrealizedlossbeforetax,c-80,47
us-gaap:equitysecuritiesfvnicurrentandnoncurrent,c-80,"3,156"
us-gaap:derivativeassetfairvaluegrossassetincludingnotsubjecttomasternettingarrangement,c-98,"4,317"
us-gaap:derivativeassetfairvaluegrossassetincludingnotsubjecttomasternettingarrangement,c-99,"2,819"
us-gaap:derivativeassetfairvaluegrossassetincludingnotsubjecttomasternettingarrangement,c-100,"7,136"
us-gaap:fairvalueconcentrationofriskderivativefinancialinstrumentsassets,c-101,"7,136"
us-gaap:derivativeliabilityfairvaluegrossliabilityincludingnotsubjecttomasternettingarrangement,c-102,"2,205"
us-gaap:derivativeliabilityfairvaluegrossliabilityincludingnotsubjecttomasternettingarrangement,c-103,"2,547"
us-gaap:derivativeliabilityfairvaluegrossliabilityincludingnotsubjecttomasternettingarrangement,c-104,"4,752"
us-gaap:derivativeliabilityfairvaluegrossliabilityincludingnotsubjecttomasternettingarrangement,c-105,"1,367"
us-gaap:derivativeliabilityfairvaluegrossliabilityincludingnotsubjecttomasternettingarrangement,c-106,—
us-gaap:derivativeliabilityfairvaluegrossliabilityincludingnotsubjecttomasternettingarrangement,c-107,"1,367"
aapl:derivativeassetsreductionformasternettingarrangementsincludingtheeffectsofcollateral,c-23,7.8
aapl:derivativeliabilitiesreductionformasternettingarrangementsincludingtheeffectsofcollateral,c-23,7.8
us-gaap:hedgedassetfairvaluehedge,c-22,"14,433"
us-gaap:hedgedassetfairvaluehedge,c-23,"13,378"
us-gaap:hedgedliabilityfairvaluehedge,c-22,"18,247"
us-gaap:hedgedliabilityfairvaluehedge,c-23,"18,739"
us-gaap:scheduleofotherassetsnoncurrenttextblock,c-1,"Other Non-Current Assets20232022Deferred tax assets$17,852 $15,375 Other non-current assets46,906 39,053 Total other non-current assets$64,758 $54,428"
us-gaap:deferredincometaxassetsnet,c-22,"17,852"
us-gaap:deferredincometaxassetsnet,c-23,"15,375"
us-gaap:otherassetsmiscellaneousnoncurrent,c-22,"46,906"
us-gaap:otherassetsmiscellaneousnoncurrent,c-23,"39,053"
us-gaap:otherassetsnoncurrent,c-22,"64,758"
us-gaap:otherassetsnoncurrent,c-23,"54,428"
us-gaap:othercurrentliabilitiestabletextblock,c-1,"Other Current Liabilities20232022Income taxes payable$8,819 $6,552 Other current liabilities50,010 54,293 Total other current liabilities$58,829 $60,845"
us-gaap:otheraccruedliabilitiescurrent,c-22,"50,010"
us-gaap:otheraccruedliabilitiescurrent,c-23,"54,293"
us-gaap:otherliabilitiescurrent,c-22,"58,829"
us-gaap:otherliabilitiescurrent,c-23,"60,845"
us-gaap:othernoncurrentliabilitiestabletextblock,c-1,"Other Non-Current Liabilities20232022Long-term taxes payable$15,457 $16,657 Other non-current liabilities34,391 32,485 Total other non-current liabilities$49,848 $49,142"
us-gaap:otheraccruedliabilitiesnoncurrent,c-22,"34,391"
us-gaap:otheraccruedliabilitiesnoncurrent,c-23,"32,485"
us-gaap:otherliabilitiesnoncurrent,c-22,"49,848"
us-gaap:otherliabilitiesnoncurrent,c-23,"49,142"
us-gaap:scheduleofdeferredtaxassetsandliabilitiestabletextblock,c-1,"As of September 30, 2023 and September 24, 2022, the significant components of the Company’s deferred tax assets and liabilities were (in millions):20232022Deferred tax assets:Tax credit carryforwards$8,302 $6,962 Accrued liabilities and other reserves6,365 6,515 Capitalized research and development6,294 1,267 Deferred revenue4,571 5,742 Unrealized losses2,447 2,913 Lease liabilities2,421 2,400 Other2,343 3,407 Total deferred tax assets32,743 29,206 Less: Valuation allowance(8,374)(7,530)Total deferred tax assets, net24,369 21,676 Deferred tax liabilities:Right-of-use assets2,179 2,163 Depreciation1,998 1,582 Minimum tax on foreign earnings1,940 1,983 Unrealized gains511 942 Other490 469 Total deferred tax liabilities7,118 7,139 Net deferred tax assets$17,251 $14,537"
us-gaap:deferredtaxassetstaxcreditcarryforwards,c-22,"8,302"
us-gaap:deferredtaxassetstaxcreditcarryforwards,c-23,"6,962"
us-gaap:deferredtaxassetstaxdeferredexpensereservesandaccruals,c-22,"6,365"
us-gaap:deferredtaxassetstaxdeferredexpensereservesandaccruals,c-23,"6,515"
aapl:deferredtaxassetscapitalizedresearchanddevelopment,c-22,"6,294"
aapl:deferredtaxassetscapitalizedresearchanddevelopment,c-23,"1,267"
us-gaap:deferredtaxassetsdeferredincome,c-22,"4,571"
us-gaap:deferredtaxassetsdeferredincome,c-23,"5,742"
us-gaap:deferredtaxassetsothercomprehensiveloss,c-22,"2,447"
us-gaap:deferredtaxassetsothercomprehensiveloss,c-23,"2,913"
aapl:deferredtaxassetsleaseliabilities,c-22,"2,421"
aapl:deferredtaxassetsleaseliabilities,c-23,"2,400"
us-gaap:deferredtaxassetsother,c-22,"2,343"
us-gaap:deferredtaxassetsother,c-23,"3,407"
us-gaap:deferredtaxassetsgross,c-22,"32,743"
us-gaap:deferredtaxassetsgross,c-23,"29,206"
us-gaap:deferredtaxassetsvaluationallowance,c-22,"8,374"
us-gaap:deferredtaxassetsvaluationallowance,c-23,"7,530"
us-gaap:deferredtaxassetsnet,c-22,"24,369"
us-gaap:deferredtaxassetsnet,c-23,"21,676"
us-gaap:deferredtaxliabilitiesleasingarrangements,c-22,"2,179"
us-gaap:deferredtaxliabilitiesleasingarrangements,c-23,"2,163"
us-gaap:deferredtaxliabilitiespropertyplantandequipment,c-22,"1,998"
us-gaap:deferredtaxliabilitiespropertyplantandequipment,c-23,"1,582"
aapl:deferredtaxliabilitiesminimumtaxonforeignearnings,c-22,"1,940"
aapl:deferredtaxliabilitiesminimumtaxonforeignearnings,c-23,"1,983"
us-gaap:deferredtaxliabilitiesothercomprehensiveincome,c-22,511
us-gaap:deferredtaxliabilitiesothercomprehensiveincome,c-23,942
us-gaap:deferredtaxliabilitiesother,c-22,490
us-gaap:deferredtaxliabilitiesother,c-23,469
us-gaap:deferredincometaxliabilities,c-22,"7,118"
us-gaap:deferredincometaxliabilities,c-23,"7,139"
us-gaap:deferredtaxassetsliabilitiesnet,c-22,"17,251"
us-gaap:deferredtaxassetsliabilitiesnet,c-23,"14,537"
us-gaap:deferredtaxassetstaxcreditcarryforwardsforeign,c-22,5.2
us-gaap:deferredtaxassetstaxcreditcarryforwardsresearch,c-22,3.0
aapl:rightofuseassetsobtainedinexchangeforoperatingandfinanceleaseliabilities,c-1,2.1
aapl:rightofuseassetsobtainedinexchangeforoperatingandfinanceleaseliabilities,c-20,2.8
aapl:rightofuseassetsobtainedinexchangeforoperatingandfinanceleaseliabilities,c-21,3.3
aapl:operatingandfinanceleaserightofuseassetsandleaseliabilitiestabletextblock,c-1,"The following table shows ROU assets and lease liabilities, and the associated financial statement line items, as of September 30, 2023 and September 24, 2022 (in millions):Lease-Related Assets and LiabilitiesFinancial Statement Line Items20232022Right-of-use assets:Operating leasesOther non-current assets$10,661 $10,417 Finance leasesProperty, plant and equipment, net1,015 952 Total right-of-use assets$11,676 $11,369 Lease liabilities:Operating leasesOther current liabilities$1,410 $1,534 Other non-current liabilities10,408 9,936 Finance leasesOther current liabilities165 129 Other non-current liabilities859 812 Total lease liabilities$12,842 $12,411"
us-gaap:operatingleaserightofuseasset,c-22,"10,661"
us-gaap:operatingleaserightofuseasset,c-23,"10,417"
us-gaap:financeleaserightofuseasset,c-22,"1,015"
us-gaap:financeleaserightofuseasset,c-23,952
aapl:operatingandfinanceleaserightofuseasset,c-22,"11,676"
aapl:operatingandfinanceleaserightofuseasset,c-23,"11,369"
us-gaap:operatingleaseliabilitycurrent,c-22,"1,410"
us-gaap:operatingleaseliabilitycurrent,c-23,"1,534"
us-gaap:operatingleaseliabilitynoncurrent,c-22,"10,408"
us-gaap:operatingleaseliabilitynoncurrent,c-23,"9,936"
us-gaap:financeleaseliabilitycurrent,c-22,165
us-gaap:financeleaseliabilitycurrent,c-23,129
us-gaap:financeleaseliabilitynoncurrent,c-22,859
us-gaap:financeleaseliabilitynoncurrent,c-23,812
aapl:operatingandfinanceleaseliability,c-22,"12,842"
aapl:operatingandfinanceleaseliability,c-23,"12,411"
us-gaap:lesseeoperatingleaseliabilitymaturitytabletextblock,c-1,"Lease liability maturities as of September 30, 2023, are as follows (in millions):OperatingLeasesFinanceLeasesTotal2024$1,719 $196 $1,915 20251,875 151 2,026 20261,732 120 1,852 20271,351 52 1,403 20281,181 34 1,215 Thereafter5,983 872 6,855 Total undiscounted liabilities13,841 1,425 15,266 Less: Imputed interest(2,023)(401)(2,424)Total lease liabilities$11,818 $1,024 $12,842"
us-gaap:financeleaseliabilitymaturitytabletextblock,c-1,"Lease liability maturities as of September 30, 2023, are as follows (in millions):OperatingLeasesFinanceLeasesTotal2024$1,719 $196 $1,915 20251,875 151 2,026 20261,732 120 1,852 20271,351 52 1,403 20281,181 34 1,215 Thereafter5,983 872 6,855 Total undiscounted liabilities13,841 1,425 15,266 Less: Imputed interest(2,023)(401)(2,424)Total lease liabilities$11,818 $1,024 $12,842"
us-gaap:lesseeoperatingleaseliabilitypaymentsduenexttwelvemonths,c-22,"1,719"
us-gaap:financeleaseliabilitypaymentsduenexttwelvemonths,c-22,196
aapl:lesseeoperatingandfinanceleaseliabilitytobepaidyearone,c-22,"1,915"
us-gaap:lesseeoperatingleaseliabilitypaymentsdueyeartwo,c-22,"1,875"
us-gaap:financeleaseliabilitypaymentsdueyeartwo,c-22,151
aapl:lesseeoperatingandfinanceleaseliabilitytobepaidyeartwo,c-22,"2,026"
us-gaap:lesseeoperatingleaseliabilitypaymentsdueyearthree,c-22,"1,732"
us-gaap:financeleaseliabilitypaymentsdueyearthree,c-22,120
aapl:lesseeoperatingandfinanceleaseliabilitytobepaidyearthree,c-22,"1,852"
us-gaap:lesseeoperatingleaseliabilitypaymentsdueyearfour,c-22,"1,351"
us-gaap:financeleaseliabilitypaymentsdueyearfour,c-22,52
aapl:lesseeoperatingandfinanceleaseliabilitytobepaidyearfour,c-22,"1,403"
us-gaap:lesseeoperatingleaseliabilitypaymentsdueyearfive,c-22,"1,181"
us-gaap:financeleaseliabilitypaymentsdueyearfive,c-22,34
aapl:lesseeoperatingandfinanceleaseliabilitytobepaidyearfive,c-22,"1,215"
us-gaap:lesseeoperatingleaseliabilitypaymentsdueafteryearfive,c-22,"5,983"
us-gaap:financeleaseliabilitypaymentsdueafteryearfive,c-22,872
aapl:lesseeoperatingandfinanceleaseliabilitytobepaidafteryearfive,c-22,"6,855"
us-gaap:lesseeoperatingleaseliabilitypaymentsdue,c-22,"13,841"
us-gaap:financeleaseliabilitypaymentsdue,c-22,"1,425"
aapl:lesseeoperatingandfinanceleaseliabilitytobepaid,c-22,"15,266"
us-gaap:lesseeoperatingleaseliabilityundiscountedexcessamount,c-22,"2,023"
us-gaap:financeleaseliabilityundiscountedexcessamount,c-22,401
aapl:lesseeoperatingandfinanceleaseliabilityundiscountedexcessamount,c-22,"2,424"
us-gaap:operatingleaseliability,c-22,"11,818"
us-gaap:financeleaseliability,c-22,"1,024"
aapl:operatingandfinanceleaseliability,c-22,"12,842"
us-gaap:stockholdersequitynotedisclosuretextblock,c-1,Shareholders’ Equity
aapl:sharebasedcompensationarrangementbysharebasedpaymentawardequityinstrumentsotherthanoptionsnumberofsharesofcommonstockissuedperunituponvesting,c-153,one
us-gaap:sharebasedcompensationarrangementbysharebasedpaymentawardequityinstrumentsotherthanoptionsnonvestednumber,c-155,"310,778"
us-gaap:sharebasedcompensationarrangementbysharebasedpaymentawardequityinstrumentsotherthanoptionsnonvestedweightedaveragegrantdatefairvalue,c-155,51.58
us-gaap:sharebasedcompensationarrangementbysharebasedpaymentawardequityinstrumentsotherthanoptionsgrantsinperiod,c-156,"89,363"
us-gaap:sharebasedcompensationarrangementbysharebasedpaymentawardequityinstrumentsotherthanoptionsgrantsinperiodweightedaveragegrantdatefairvalue,c-156,116.33
us-gaap:sharebasedcompensationarrangementbysharebasedpaymentawardequityinstrumentsotherthanoptionsvestedinperiod,c-156,"145,766"
us-gaap:sharebasedcompensationarrangementbysharebasedpaymentawardequityinstrumentsotherthanoptionsvestedinperiodweightedaveragegrantdatefairvalue,c-156,50.71
us-gaap:sharebasedcompensationarrangementbysharebasedpaymentawardequityinstrumentsotherthanoptionsforfeitedinperiod,c-156,"13,948"
us-gaap:sharebasedcompensationarrangementbysharebasedpaymentawardequityinstrumentsotherthanoptionsforfeituresweightedaveragegrantdatefairvalue,c-156,68.95
us-gaap:sharebasedcompensationarrangementbysharebasedpaymentawardequityinstrumentsotherthanoptionsnonvestednumber,c-157,"240,427"
us-gaap:sharebasedcompensationarrangementbysharebasedpaymentawardequityinstrumentsotherthanoptionsnonvestedweightedaveragegrantdatefairvalue,c-157,75.16
us-gaap:sharebasedcompensationarrangementbysharebasedpaymentawardequityinstrumentsotherthanoptionsgrantsinperiod,c-158,"91,674"
us-gaap:sharebasedcompensationarrangementbysharebasedpaymentawardequityinstrumentsotherthanoptionsgrantsinperiodweightedaveragegrantdatefairvalue,c-158,150.70
us-gaap:sharebasedcompensationarrangementbysharebasedpaymentawardequityinstrumentsotherthanoptionsvestedinperiod,c-158,"115,861"
us-gaap:sharebasedcompensationarrangementbysharebasedpaymentawardequityinstrumentsotherthanoptionsvestedinperiodweightedaveragegrantdatefairvalue,c-158,72.12
us-gaap:sharebasedcompensationarrangementbysharebasedpaymentawardequityinstrumentsotherthanoptionsforfeitedinperiod,c-158,"14,739"
us-gaap:sharebasedcompensationarrangementbysharebasedpaymentawardequityinstrumentsotherthanoptionsforfeituresweightedaveragegrantdatefairvalue,c-158,99.77
us-gaap:sharebasedcompensationarrangementbysharebasedpaymentawardequityinstrumentsotherthanoptionsnonvestednumber,c-159,"201,501"
us-gaap:sharebasedcompensationarrangementbysharebasedpaymentawardequityinstrumentsotherthanoptionsnonvestedweightedaveragegrantdatefairvalue,c-159,109.48
us-gaap:sharebasedcompensationarrangementbysharebasedpaymentawardequityinstrumentsotherthanoptionsgrantsinperiod,c-160,"88,768"
us-gaap:sharebasedcompensationarrangementbysharebasedpaymentawardequityinstrumentsotherthanoptionsgrantsinperiodweightedaveragegrantdatefairvalue,c-160,150.87
us-gaap:sharebasedcompensationarrangementbysharebasedpaymentawardequityinstrumentsotherthanoptionsvestedinperiod,c-160,"101,878"
us-gaap:sharebasedcompensationarrangementbysharebasedpaymentawardequityinstrumentsotherthanoptionsvestedinperiodweightedaveragegrantdatefairvalue,c-160,97.31
us-gaap:sharebasedcompensationarrangementbysharebasedpaymentawardequityinstrumentsotherthanoptionsforfeitedinperiod,c-160,"8,144"
us-gaap:sharebasedcompensationarrangementbysharebasedpaymentawardequityinstrumentsotherthanoptionsforfeituresweightedaveragegrantdatefairvalue,c-160,127.98
us-gaap:sharebasedcompensationarrangementbysharebasedpaymentawardequityinstrumentsotherthanoptionsnonvestednumber,c-161,"180,247"
us-gaap:sharebasedcompensationarrangementbysharebasedpaymentawardequityinstrumentsotherthanoptionsnonvestedweightedaveragegrantdatefairvalue,c-161,135.91
us-gaap:sharebasedcompensationarrangementbysharebasedpaymentawardequityinstrumentsotherthanoptionsaggregateintrinsicvaluenonvested,c-161,"30,860"
us-gaap:sharebasedcompensationarrangementbysharebasedpaymentawardequityinstrumentsotherthanoptionsvestedinperiodtotalfairvalue,c-160,15.9
us-gaap:sharebasedcompensationarrangementbysharebasedpaymentawardequityinstrumentsotherthanoptionsvestedinperiodtotalfairvalue,c-158,18.2
us-gaap:sharebasedcompensationarrangementbysharebasedpaymentawardequityinstrumentsotherthanoptionsvestedinperiodtotalfairvalue,c-156,19.0
us-gaap:scheduleofrevenuesfromexternalcustomersandlonglivedassetsbygeographicalareastabletextblock,c-1,"Net sales for 2023, 2022 and 2021 and long-lived assets as of September 30, 2023 and September 24, 2022 were as follows (in millions):"
us-gaap:noncurrentassets,c-195,"33,276"
us-gaap:noncurrentassets,c-196,"31,119"
us-gaap:noncurrentassets,c-197,"5,778"
us-gaap:noncurrentassets,c-198,"7,260"
us-gaap:noncurrentassets,c-199,"4,661"
us-gaap:noncurrentassets,c-200,"3,738"
us-gaap:noncurrentassets,c-22,"43,715"
us-gaap:noncurrentassets,c-23,"42,117"
